Epoch,Training Loss,Validation Loss,Alpha
1,2.9368203753576227,2.2706046691115613,0.0
2,2.1541577877174496,1.8982249816674837,0.0
